-- =============================================================
-- Full Static Insert Script (25 Rows Each Table)
-- =============================================================

-- 1️ UTA_Engage_User
INSERT INTO DASC5306_Fall25_S001_T2_UTA_Engage_User (netID, username, password, enrolled_department, street_address, apt, county, zipcode, nationality, dob, doe, cumGPA) VALUES ('NET01', 'user1', 'pass1', 'IT', 'Street 1', 'Apt 1', 'Tarrant', '76001', 'USA', TO_DATE('2000-01-02','YYYY-MM-DD'), SYSDATE-20, 2.6);
INSERT INTO DASC5306_Fall25_S001_T2_UTA_Engage_User (netID, username, password, enrolled_department, street_address, apt, county, zipcode, nationality, dob, doe, cumGPA) VALUES ('NET02', 'user2', 'pass2', 'ECE', 'Street 2', 'Apt 2', 'Tarrant', '76002', 'USA', TO_DATE('2000-01-03','YYYY-MM-DD'), SYSDATE-40, 2.7);
INSERT INTO DASC5306_Fall25_S001_T2_UTA_Engage_User (netID, username, password, enrolled_department, street_address, apt, county, zipcode, nationality, dob, doe, cumGPA) VALUES ('NET03', 'user3', 'pass3', 'ME', 'Street 3', 'Apt 3', 'Tarrant', '76003', 'USA', TO_DATE('2000-01-04','YYYY-MM-DD'), SYSDATE-60, 2.8);
INSERT INTO DASC5306_Fall25_S001_T2_UTA_Engage_User (netID, username, password, enrolled_department, street_address, apt, county, zipcode, nationality, dob, doe, cumGPA) VALUES ('NET04', 'user4', 'pass4', 'Civil', 'Street 4', 'Apt 4', 'Tarrant', '76004', 'USA', TO_DATE('2000-01-05','YYYY-MM-DD'), SYSDATE-80, 2.9);
INSERT INTO DASC5306_Fall25_S001_T2_UTA_Engage_User (netID, username, password, enrolled_department, street_address, apt, county, zipcode, nationality, dob, doe, cumGPA) VALUES ('NET05', 'user5', 'pass5', 'CSE', 'Street 5', 'Apt 5', 'Tarrant', '76005', 'USA', TO_DATE('2000-01-06','YYYY-MM-DD'), SYSDATE-100, 3.0);
INSERT INTO DASC5306_Fall25_S001_T2_UTA_Engage_User (netID, username, password, enrolled_department, street_address, apt, county, zipcode, nationality, dob, doe, cumGPA) VALUES ('NET06', 'user6', 'pass6', 'IT', 'Street 6', 'Apt 6', 'Tarrant', '76006', 'USA', TO_DATE('2000-01-07','YYYY-MM-DD'), SYSDATE-120, 3.1);
INSERT INTO DASC5306_Fall25_S001_T2_UTA_Engage_User (netID, username, password, enrolled_department, street_address, apt, county, zipcode, nationality, dob, doe, cumGPA) VALUES ('NET07', 'user7', 'pass7', 'ECE', 'Street 7', 'Apt 7', 'Tarrant', '76007', 'USA', TO_DATE('2000-01-08','YYYY-MM-DD'), SYSDATE-140, 3.2);
INSERT INTO DASC5306_Fall25_S001_T2_UTA_Engage_User (netID, username, password, enrolled_department, street_address, apt, county, zipcode, nationality, dob, doe, cumGPA) VALUES ('NET08', 'user8', 'pass8', 'ME', 'Street 8', 'Apt 8', 'Tarrant', '76008', 'USA', TO_DATE('2000-01-09','YYYY-MM-DD'), SYSDATE-160, 3.3);
INSERT INTO DASC5306_Fall25_S001_T2_UTA_Engage_User (netID, username, password, enrolled_department, street_address, apt, county, zipcode, nationality, dob, doe, cumGPA) VALUES ('NET09', 'user9', 'pass9', 'Civil', 'Street 9', 'Apt 9', 'Tarrant', '76009', 'USA', TO_DATE('2000-01-10','YYYY-MM-DD'), SYSDATE-180, 3.4);
INSERT INTO DASC5306_Fall25_S001_T2_UTA_Engage_User (netID, username, password, enrolled_department, street_address, apt, county, zipcode, nationality, dob, doe, cumGPA) VALUES ('NET10', 'user10', 'pass10', 'CSE', 'Street 10', 'Apt 10', 'Tarrant', '76010', 'USA', TO_DATE('2000-01-11','YYYY-MM-DD'), SYSDATE-200, 3.5);
INSERT INTO DASC5306_Fall25_S001_T2_UTA_Engage_User (netID, username, password, enrolled_department, street_address, apt, county, zipcode, nationality, dob, doe, cumGPA) VALUES ('NET11', 'user11', 'pass11', 'IT', 'Street 11', 'Apt 11', 'Tarrant', '76011', 'USA', TO_DATE('2000-01-12','YYYY-MM-DD'), SYSDATE-220, 2.5);
INSERT INTO DASC5306_Fall25_S001_T2_UTA_Engage_User (netID, username, password, enrolled_department, street_address, apt, county, zipcode, nationality, dob, doe, cumGPA) VALUES ('NET12', 'user12', 'pass12', 'ECE', 'Street 12', 'Apt 12', 'Tarrant', '76012', 'USA', TO_DATE('2000-01-13','YYYY-MM-DD'), SYSDATE-240, 2.6);
INSERT INTO DASC5306_Fall25_S001_T2_UTA_Engage_User (netID, username, password, enrolled_department, street_address, apt, county, zipcode, nationality, dob, doe, cumGPA) VALUES ('NET13', 'user13', 'pass13', 'ME', 'Street 13', 'Apt 13', 'Tarrant', '76013', 'USA', TO_DATE('2000-01-14','YYYY-MM-DD'), SYSDATE-260, 2.7);
INSERT INTO DASC5306_Fall25_S001_T2_UTA_Engage_User (netID, username, password, enrolled_department, street_address, apt, county, zipcode, nationality, dob, doe, cumGPA) VALUES ('NET14', 'user14', 'pass14', 'Civil', 'Street 14', 'Apt 14', 'Tarrant', '76014', 'USA', TO_DATE('2000-01-15','YYYY-MM-DD'), SYSDATE-280, 2.8);
INSERT INTO DASC5306_Fall25_S001_T2_UTA_Engage_User (netID, username, password, enrolled_department, street_address, apt, county, zipcode, nationality, dob, doe, cumGPA) VALUES ('NET15', 'user15', 'pass15', 'CSE', 'Street 15', 'Apt 15', 'Tarrant', '76015', 'USA', TO_DATE('2000-01-16','YYYY-MM-DD'), SYSDATE-300, 2.9);
INSERT INTO DASC5306_Fall25_S001_T2_UTA_Engage_User (netID, username, password, enrolled_department, street_address, apt, county, zipcode, nationality, dob, doe, cumGPA) VALUES ('NET16', 'user16', 'pass16', 'IT', 'Street 16', 'Apt 16', 'Tarrant', '76016', 'USA', TO_DATE('2000-01-17','YYYY-MM-DD'), SYSDATE-320, 3.0);
INSERT INTO DASC5306_Fall25_S001_T2_UTA_Engage_User (netID, username, password, enrolled_department, street_address, apt, county, zipcode, nationality, dob, doe, cumGPA) VALUES ('NET17', 'user17', 'pass17', 'ECE', 'Street 17', 'Apt 17', 'Tarrant', '76017', 'USA', TO_DATE('2000-01-18','YYYY-MM-DD'), SYSDATE-340, 3.1);
INSERT INTO DASC5306_Fall25_S001_T2_UTA_Engage_User (netID, username, password, enrolled_department, street_address, apt, county, zipcode, nationality, dob, doe, cumGPA) VALUES ('NET18', 'user18', 'pass18', 'ME', 'Street 18', 'Apt 18', 'Tarrant', '76018', 'USA', TO_DATE('2000-01-19','YYYY-MM-DD'), SYSDATE-360, 3.2);
INSERT INTO DASC5306_Fall25_S001_T2_UTA_Engage_User (netID, username, password, enrolled_department, street_address, apt, county, zipcode, nationality, dob, doe, cumGPA) VALUES ('NET19', 'user19', 'pass19', 'Civil', 'Street 19', 'Apt 19', 'Tarrant', '76019', 'USA', TO_DATE('2000-01-20','YYYY-MM-DD'), SYSDATE-380, 3.3);
INSERT INTO DASC5306_Fall25_S001_T2_UTA_Engage_User (netID, username, password, enrolled_department, street_address, apt, county, zipcode, nationality, dob, doe, cumGPA) VALUES ('NET20', 'user20', 'pass20', 'CSE', 'Street 20', 'Apt 20', 'Tarrant', '76020', 'USA', TO_DATE('2000-01-21','YYYY-MM-DD'), SYSDATE-400, 3.4);
INSERT INTO DASC5306_Fall25_S001_T2_UTA_Engage_User (netID, username, password, enrolled_department, street_address, apt, county, zipcode, nationality, dob, doe, cumGPA) VALUES ('NET21', 'user21', 'pass21', 'IT', 'Street 21', 'Apt 21', 'Tarrant', '76021', 'USA', TO_DATE('2000-01-22','YYYY-MM-DD'), SYSDATE-420, 3.5);
INSERT INTO DASC5306_Fall25_S001_T2_UTA_Engage_User (netID, username, password, enrolled_department, street_address, apt, county, zipcode, nationality, dob, doe, cumGPA) VALUES ('NET22', 'user22', 'pass22', 'ECE', 'Street 22', 'Apt 22', 'Tarrant', '76022', 'USA', TO_DATE('2000-01-23','YYYY-MM-DD'), SYSDATE-440, 2.5);
INSERT INTO DASC5306_Fall25_S001_T2_UTA_Engage_User (netID, username, password, enrolled_department, street_address, apt, county, zipcode, nationality, dob, doe, cumGPA) VALUES ('NET23', 'user23', 'pass23', 'ME', 'Street 23', 'Apt 23', 'Tarrant', '76023', 'USA', TO_DATE('2000-01-24','YYYY-MM-DD'), SYSDATE-460, 2.6);
INSERT INTO DASC5306_Fall25_S001_T2_UTA_Engage_User (netID, username, password, enrolled_department, street_address, apt, county, zipcode, nationality, dob, doe, cumGPA) VALUES ('NET24', 'user24', 'pass24', 'Civil', 'Street 24', 'Apt 24', 'Tarrant', '76024', 'USA', TO_DATE('2000-01-25','YYYY-MM-DD'), SYSDATE-480, 2.7);
INSERT INTO DASC5306_Fall25_S001_T2_UTA_Engage_User (netID, username, password, enrolled_department, street_address, apt, county, zipcode, nationality, dob, doe, cumGPA) VALUES ('NET25', 'user25', 'pass25', 'CSE', 'Street 25', 'Apt 25', 'Tarrant', '76025', 'USA', TO_DATE('2000-01-26','YYYY-MM-DD'), SYSDATE-500, 2.8);

-- 2️ User_Email
INSERT INTO DASC5306_Fall25_S001_T2_User_Email (netID, email) VALUES ('NET01', 'user1@mavs.uta.edu');
INSERT INTO DASC5306_Fall25_S001_T2_User_Email (netID, email) VALUES ('NET02', 'user2@mavs.uta.edu');
INSERT INTO DASC5306_Fall25_S001_T2_User_Email (netID, email) VALUES ('NET03', 'user3@mavs.uta.edu');
INSERT INTO DASC5306_Fall25_S001_T2_User_Email (netID, email) VALUES ('NET04', 'user4@mavs.uta.edu');
INSERT INTO DASC5306_Fall25_S001_T2_User_Email (netID, email) VALUES ('NET05', 'user5@mavs.uta.edu');
INSERT INTO DASC5306_Fall25_S001_T2_User_Email (netID, email) VALUES ('NET06', 'user6@mavs.uta.edu');
INSERT INTO DASC5306_Fall25_S001_T2_User_Email (netID, email) VALUES ('NET07', 'user7@mavs.uta.edu');
INSERT INTO DASC5306_Fall25_S001_T2_User_Email (netID, email) VALUES ('NET08', 'user8@mavs.uta.edu');
INSERT INTO DASC5306_Fall25_S001_T2_User_Email (netID, email) VALUES ('NET09', 'user9@mavs.uta.edu');
INSERT INTO DASC5306_Fall25_S001_T2_User_Email (netID, email) VALUES ('NET10', 'user10@mavs.uta.edu');
INSERT INTO DASC5306_Fall25_S001_T2_User_Email (netID, email) VALUES ('NET11', 'user11@mavs.uta.edu');
INSERT INTO DASC5306_Fall25_S001_T2_User_Email (netID, email) VALUES ('NET12', 'user12@mavs.uta.edu');
INSERT INTO DASC5306_Fall25_S001_T2_User_Email (netID, email) VALUES ('NET13', 'user13@mavs.uta.edu');
INSERT INTO DASC5306_Fall25_S001_T2_User_Email (netID, email) VALUES ('NET14', 'user14@mavs.uta.edu');
INSERT INTO DASC5306_Fall25_S001_T2_User_Email (netID, email) VALUES ('NET15', 'user15@mavs.uta.edu');
INSERT INTO DASC5306_Fall25_S001_T2_User_Email (netID, email) VALUES ('NET16', 'user16@mavs.uta.edu');
INSERT INTO DASC5306_Fall25_S001_T2_User_Email (netID, email) VALUES ('NET17', 'user17@mavs.uta.edu');
INSERT INTO DASC5306_Fall25_S001_T2_User_Email (netID, email) VALUES ('NET18', 'user18@mavs.uta.edu');
INSERT INTO DASC5306_Fall25_S001_T2_User_Email (netID, email) VALUES ('NET19', 'user19@mavs.uta.edu');
INSERT INTO DASC5306_Fall25_S001_T2_User_Email (netID, email) VALUES ('NET20', 'user20@mavs.uta.edu');
INSERT INTO DASC5306_Fall25_S001_T2_User_Email (netID, email) VALUES ('NET21', 'user21@mavs.uta.edu');
INSERT INTO DASC5306_Fall25_S001_T2_User_Email (netID, email) VALUES ('NET22', 'user22@mavs.uta.edu');
INSERT INTO DASC5306_Fall25_S001_T2_User_Email (netID, email) VALUES ('NET23', 'user23@mavs.uta.edu');
INSERT INTO DASC5306_Fall25_S001_T2_User_Email (netID, email) VALUES ('NET24', 'user24@mavs.uta.edu');
INSERT INTO DASC5306_Fall25_S001_T2_User_Email (netID, email) VALUES ('NET25', 'user25@mavs.uta.edu');

-- 3️ User_Phone
INSERT INTO DASC5306_Fall25_S001_T2_User_Phone (netID, phone_number) VALUES ('NET01', '6000000001');
INSERT INTO DASC5306_Fall25_S001_T2_User_Phone (netID, phone_number) VALUES ('NET02', '6000000002');
INSERT INTO DASC5306_Fall25_S001_T2_User_Phone (netID, phone_number) VALUES ('NET03', '6000000003');
INSERT INTO DASC5306_Fall25_S001_T2_User_Phone (netID, phone_number) VALUES ('NET04', '6000000004');
INSERT INTO DASC5306_Fall25_S001_T2_User_Phone (netID, phone_number) VALUES ('NET05', '6000000005');
INSERT INTO DASC5306_Fall25_S001_T2_User_Phone (netID, phone_number) VALUES ('NET06', '6000000006');
INSERT INTO DASC5306_Fall25_S001_T2_User_Phone (netID, phone_number) VALUES ('NET07', '6000000007');
INSERT INTO DASC5306_Fall25_S001_T2_User_Phone (netID, phone_number) VALUES ('NET08', '6000000008');
INSERT INTO DASC5306_Fall25_S001_T2_User_Phone (netID, phone_number) VALUES ('NET09', '6000000009');
INSERT INTO DASC5306_Fall25_S001_T2_User_Phone (netID, phone_number) VALUES ('NET10', '6000000010');
INSERT INTO DASC5306_Fall25_S001_T2_User_Phone (netID, phone_number) VALUES ('NET11', '6000000011');
INSERT INTO DASC5306_Fall25_S001_T2_User_Phone (netID, phone_number) VALUES ('NET12', '6000000012');
INSERT INTO DASC5306_Fall25_S001_T2_User_Phone (netID, phone_number) VALUES ('NET13', '6000000013');
INSERT INTO DASC5306_Fall25_S001_T2_User_Phone (netID, phone_number) VALUES ('NET14', '6000000014');
INSERT INTO DASC5306_Fall25_S001_T2_User_Phone (netID, phone_number) VALUES ('NET15', '6000000015');
INSERT INTO DASC5306_Fall25_S001_T2_User_Phone (netID, phone_number) VALUES ('NET16', '6000000016');
INSERT INTO DASC5306_Fall25_S001_T2_User_Phone (netID, phone_number) VALUES ('NET17', '6000000017');
INSERT INTO DASC5306_Fall25_S001_T2_User_Phone (netID, phone_number) VALUES ('NET18', '6000000018');
INSERT INTO DASC5306_Fall25_S001_T2_User_Phone (netID, phone_number) VALUES ('NET19', '6000000019');
INSERT INTO DASC5306_Fall25_S001_T2_User_Phone (netID, phone_number) VALUES ('NET20', '6000000020');
INSERT INTO DASC5306_Fall25_S001_T2_User_Phone (netID, phone_number) VALUES ('NET21', '6000000021');
INSERT INTO DASC5306_Fall25_S001_T2_User_Phone (netID, phone_number) VALUES ('NET22', '6000000022');
INSERT INTO DASC5306_Fall25_S001_T2_User_Phone (netID, phone_number) VALUES ('NET23', '6000000023');
INSERT INTO DASC5306_Fall25_S001_T2_User_Phone (netID, phone_number) VALUES ('NET24', '6000000024');
INSERT INTO DASC5306_Fall25_S001_T2_User_Phone (netID, phone_number) VALUES ('NET25', '6000000025');

-- 4️ Artist
INSERT INTO DASC5306_Fall25_S001_T2_Artist (artistID, netID, number_of_followers, subcount) VALUES (1, 'NET01', 1010, 105);
INSERT INTO DASC5306_Fall25_S001_T2_Artist (artistID, netID, number_of_followers, subcount) VALUES (2, 'NET02', 1020, 110);
INSERT INTO DASC5306_Fall25_S001_T2_Artist (artistID, netID, number_of_followers, subcount) VALUES (3, 'NET03', 1030, 115);
INSERT INTO DASC5306_Fall25_S001_T2_Artist (artistID, netID, number_of_followers, subcount) VALUES (4, 'NET04', 1040, 120);
INSERT INTO DASC5306_Fall25_S001_T2_Artist (artistID, netID, number_of_followers, subcount) VALUES (5, 'NET05', 1050, 125);
INSERT INTO DASC5306_Fall25_S001_T2_Artist (artistID, netID, number_of_followers, subcount) VALUES (6, 'NET06', 1060, 130);
INSERT INTO DASC5306_Fall25_S001_T2_Artist (artistID, netID, number_of_followers, subcount) VALUES (7, 'NET07', 1070, 135);
INSERT INTO DASC5306_Fall25_S001_T2_Artist (artistID, netID, number_of_followers, subcount) VALUES (8, 'NET08', 1080, 140);
INSERT INTO DASC5306_Fall25_S001_T2_Artist (artistID, netID, number_of_followers, subcount) VALUES (9, 'NET09', 1090, 145);
INSERT INTO DASC5306_Fall25_S001_T2_Artist (artistID, netID, number_of_followers, subcount) VALUES (10, 'NET10', 1100, 150);
INSERT INTO DASC5306_Fall25_S001_T2_Artist (artistID, netID, number_of_followers, subcount) VALUES (11, 'NET11', 1110, 155);
INSERT INTO DASC5306_Fall25_S001_T2_Artist (artistID, netID, number_of_followers, subcount) VALUES (12, 'NET12', 1120, 160);
INSERT INTO DASC5306_Fall25_S001_T2_Artist (artistID, netID, number_of_followers, subcount) VALUES (13, 'NET13', 1130, 165);
INSERT INTO DASC5306_Fall25_S001_T2_Artist (artistID, netID, number_of_followers, subcount) VALUES (14, 'NET14', 1140, 170);
INSERT INTO DASC5306_Fall25_S001_T2_Artist (artistID, netID, number_of_followers, subcount) VALUES (15, 'NET15', 1150, 175);
INSERT INTO DASC5306_Fall25_S001_T2_Artist (artistID, netID, number_of_followers, subcount) VALUES (16, 'NET16', 1160, 180);
INSERT INTO DASC5306_Fall25_S001_T2_Artist (artistID, netID, number_of_followers, subcount) VALUES (17, 'NET17', 1170, 185);
INSERT INTO DASC5306_Fall25_S001_T2_Artist (artistID, netID, number_of_followers, subcount) VALUES (18, 'NET18', 1180, 190);
INSERT INTO DASC5306_Fall25_S001_T2_Artist (artistID, netID, number_of_followers, subcount) VALUES (19, 'NET19', 1190, 195);
INSERT INTO DASC5306_Fall25_S001_T2_Artist (artistID, netID, number_of_followers, subcount) VALUES (20, 'NET20', 1200, 200);
INSERT INTO DASC5306_Fall25_S001_T2_Artist (artistID, netID, number_of_followers, subcount) VALUES (21, 'NET21', 1210, 205);
INSERT INTO DASC5306_Fall25_S001_T2_Artist (artistID, netID, number_of_followers, subcount) VALUES (22, 'NET22', 1220, 210);
INSERT INTO DASC5306_Fall25_S001_T2_Artist (artistID, netID, number_of_followers, subcount) VALUES (23, 'NET23', 1230, 215);
INSERT INTO DASC5306_Fall25_S001_T2_Artist (artistID, netID, number_of_followers, subcount) VALUES (24, 'NET24', 1240, 220);
INSERT INTO DASC5306_Fall25_S001_T2_Artist (artistID, netID, number_of_followers, subcount) VALUES (25, 'NET25', 1250, 225);

-- 5️ Patron
INSERT INTO DASC5306_Fall25_S001_T2_Patron (patron_id, netID) VALUES ('PAT01', 'NET01');
INSERT INTO DASC5306_Fall25_S001_T2_Patron (patron_id, netID) VALUES ('PAT02', 'NET02');
INSERT INTO DASC5306_Fall25_S001_T2_Patron (patron_id, netID) VALUES ('PAT03', 'NET03');
INSERT INTO DASC5306_Fall25_S001_T2_Patron (patron_id, netID) VALUES ('PAT04', 'NET04');
INSERT INTO DASC5306_Fall25_S001_T2_Patron (patron_id, netID) VALUES ('PAT05', 'NET05');
INSERT INTO DASC5306_Fall25_S001_T2_Patron (patron_id, netID) VALUES ('PAT06', 'NET06');
INSERT INTO DASC5306_Fall25_S001_T2_Patron (patron_id, netID) VALUES ('PAT07', 'NET07');
INSERT INTO DASC5306_Fall25_S001_T2_Patron (patron_id, netID) VALUES ('PAT08', 'NET08');
INSERT INTO DASC5306_Fall25_S001_T2_Patron (patron_id, netID) VALUES ('PAT09', 'NET09');
INSERT INTO DASC5306_Fall25_S001_T2_Patron (patron_id, netID) VALUES ('PAT10', 'NET10');
INSERT INTO DASC5306_Fall25_S001_T2_Patron (patron_id, netID) VALUES ('PAT11', 'NET11');
INSERT INTO DASC5306_Fall25_S001_T2_Patron (patron_id, netID) VALUES ('PAT12', 'NET12');
INSERT INTO DASC5306_Fall25_S001_T2_Patron (patron_id, netID) VALUES ('PAT13', 'NET13');
INSERT INTO DASC5306_Fall25_S001_T2_Patron (patron_id, netID) VALUES ('PAT14', 'NET14');
INSERT INTO DASC5306_Fall25_S001_T2_Patron (patron_id, netID) VALUES ('PAT15', 'NET15');
INSERT INTO DASC5306_Fall25_S001_T2_Patron (patron_id, netID) VALUES ('PAT16', 'NET16');
INSERT INTO DASC5306_Fall25_S001_T2_Patron (patron_id, netID) VALUES ('PAT17', 'NET17');
INSERT INTO DASC5306_Fall25_S001_T2_Patron (patron_id, netID) VALUES ('PAT18', 'NET18');
INSERT INTO DASC5306_Fall25_S001_T2_Patron (patron_id, netID) VALUES ('PAT19', 'NET19');
INSERT INTO DASC5306_Fall25_S001_T2_Patron (patron_id, netID) VALUES ('PAT20', 'NET20');
INSERT INTO DASC5306_Fall25_S001_T2_Patron (patron_id, netID) VALUES ('PAT21', 'NET21');
INSERT INTO DASC5306_Fall25_S001_T2_Patron (patron_id, netID) VALUES ('PAT22', 'NET22');
INSERT INTO DASC5306_Fall25_S001_T2_Patron (patron_id, netID) VALUES ('PAT23', 'NET23');
INSERT INTO DASC5306_Fall25_S001_T2_Patron (patron_id, netID) VALUES ('PAT24', 'NET24');
INSERT INTO DASC5306_Fall25_S001_T2_Patron (patron_id, netID) VALUES ('PAT25', 'NET25');

-- 6️ Advertiser
INSERT INTO DASC5306_Fall25_S001_T2_Advertiser (advertiserID, advertiser_name, headquarters_city, employees_count) VALUES (1, 'Advertiser_1', 'Austin', 1050);
INSERT INTO DASC5306_Fall25_S001_T2_Advertiser (advertiserID, advertiser_name, headquarters_city, employees_count) VALUES (2, 'Advertiser_2', 'Seattle', 1100);
INSERT INTO DASC5306_Fall25_S001_T2_Advertiser (advertiserID, advertiser_name, headquarters_city, employees_count) VALUES (3, 'Advertiser_3', 'Chicago', 1150);
INSERT INTO DASC5306_Fall25_S001_T2_Advertiser (advertiserID, advertiser_name, headquarters_city, employees_count) VALUES (4, 'Advertiser_4', 'New York', 1200);
INSERT INTO DASC5306_Fall25_S001_T2_Advertiser (advertiserID, advertiser_name, headquarters_city, employees_count) VALUES (5, 'Advertiser_5', 'Dallas', 1250);
INSERT INTO DASC5306_Fall25_S001_T2_Advertiser (advertiserID, advertiser_name, headquarters_city, employees_count) VALUES (6, 'Advertiser_6', 'Austin', 1300);
INSERT INTO DASC5306_Fall25_S001_T2_Advertiser (advertiserID, advertiser_name, headquarters_city, employees_count) VALUES (7, 'Advertiser_7', 'Seattle', 1350);
INSERT INTO DASC5306_Fall25_S001_T2_Advertiser (advertiserID, advertiser_name, headquarters_city, employees_count) VALUES (8, 'Advertiser_8', 'Chicago', 1400);
INSERT INTO DASC5306_Fall25_S001_T2_Advertiser (advertiserID, advertiser_name, headquarters_city, employees_count) VALUES (9, 'Advertiser_9', 'New York', 1450);
INSERT INTO DASC5306_Fall25_S001_T2_Advertiser (advertiserID, advertiser_name, headquarters_city, employees_count) VALUES (10, 'Advertiser_10', 'Dallas', 1500);
INSERT INTO DASC5306_Fall25_S001_T2_Advertiser (advertiserID, advertiser_name, headquarters_city, employees_count) VALUES (11, 'Advertiser_11', 'Austin', 1550);
INSERT INTO DASC5306_Fall25_S001_T2_Advertiser (advertiserID, advertiser_name, headquarters_city, employees_count) VALUES (12, 'Advertiser_12', 'Seattle', 1600);
INSERT INTO DASC5306_Fall25_S001_T2_Advertiser (advertiserID, advertiser_name, headquarters_city, employees_count) VALUES (13, 'Advertiser_13', 'Chicago', 1650);
INSERT INTO DASC5306_Fall25_S001_T2_Advertiser (advertiserID, advertiser_name, headquarters_city, employees_count) VALUES (14, 'Advertiser_14', 'New York', 1700);
INSERT INTO DASC5306_Fall25_S001_T2_Advertiser (advertiserID, advertiser_name, headquarters_city, employees_count) VALUES (15, 'Advertiser_15', 'Dallas', 1750);
INSERT INTO DASC5306_Fall25_S001_T2_Advertiser (advertiserID, advertiser_name, headquarters_city, employees_count) VALUES (16, 'Advertiser_16', 'Austin', 1800);
INSERT INTO DASC5306_Fall25_S001_T2_Advertiser (advertiserID, advertiser_name, headquarters_city, employees_count) VALUES (17, 'Advertiser_17', 'Seattle', 1850);
INSERT INTO DASC5306_Fall25_S001_T2_Advertiser (advertiserID, advertiser_name, headquarters_city, employees_count) VALUES (18, 'Advertiser_18', 'Chicago', 1900);
INSERT INTO DASC5306_Fall25_S001_T2_Advertiser (advertiserID, advertiser_name, headquarters_city, employees_count) VALUES (19, 'Advertiser_19', 'New York', 1950);
INSERT INTO DASC5306_Fall25_S001_T2_Advertiser (advertiserID, advertiser_name, headquarters_city, employees_count) VALUES (20, 'Advertiser_20', 'Dallas', 2000);
INSERT INTO DASC5306_Fall25_S001_T2_Advertiser (advertiserID, advertiser_name, headquarters_city, employees_count) VALUES (21, 'Advertiser_21', 'Austin', 2050);
INSERT INTO DASC5306_Fall25_S001_T2_Advertiser (advertiserID, advertiser_name, headquarters_city, employees_count) VALUES (22, 'Advertiser_22', 'Seattle', 2100);
INSERT INTO DASC5306_Fall25_S001_T2_Advertiser (advertiserID, advertiser_name, headquarters_city, employees_count) VALUES (23, 'Advertiser_23', 'Chicago', 2150);
INSERT INTO DASC5306_Fall25_S001_T2_Advertiser (advertiserID, advertiser_name, headquarters_city, employees_count) VALUES (24, 'Advertiser_24', 'New York', 2200);
INSERT INTO DASC5306_Fall25_S001_T2_Advertiser (advertiserID, advertiser_name, headquarters_city, employees_count) VALUES (25, 'Advertiser_25', 'Dallas', 2250);

-- 7️ Podcast
INSERT INTO DASC5306_Fall25_S001_T2_Podcast (podcastID, artistID, name, creation_date, description, subscribers_count) VALUES (1, 1, 'Podcast_1', SYSDATE-5, 'Podcast #1 by artist 1', 520);
INSERT INTO DASC5306_Fall25_S001_T2_Podcast (podcastID, artistID, name, creation_date, description, subscribers_count) VALUES (2, 2, 'Podcast_2', SYSDATE-10, 'Podcast #2 by artist 2', 540);
INSERT INTO DASC5306_Fall25_S001_T2_Podcast (podcastID, artistID, name, creation_date, description, subscribers_count) VALUES (3, 3, 'Podcast_3', SYSDATE-15, 'Podcast #3 by artist 3', 560);
INSERT INTO DASC5306_Fall25_S001_T2_Podcast (podcastID, artistID, name, creation_date, description, subscribers_count) VALUES (4, 4, 'Podcast_4', SYSDATE-20, 'Podcast #4 by artist 4', 580);
INSERT INTO DASC5306_Fall25_S001_T2_Podcast (podcastID, artistID, name, creation_date, description, subscribers_count) VALUES (5, 5, 'Podcast_5', SYSDATE-25, 'Podcast #5 by artist 5', 600);
INSERT INTO DASC5306_Fall25_S001_T2_Podcast (podcastID, artistID, name, creation_date, description, subscribers_count) VALUES (6, 6, 'Podcast_6', SYSDATE-30, 'Podcast #6 by artist 6', 620);
INSERT INTO DASC5306_Fall25_S001_T2_Podcast (podcastID, artistID, name, creation_date, description, subscribers_count) VALUES (7, 7, 'Podcast_7', SYSDATE-35, 'Podcast #7 by artist 7', 640);
INSERT INTO DASC5306_Fall25_S001_T2_Podcast (podcastID, artistID, name, creation_date, description, subscribers_count) VALUES (8, 8, 'Podcast_8', SYSDATE-40, 'Podcast #8 by artist 8', 660);
INSERT INTO DASC5306_Fall25_S001_T2_Podcast (podcastID, artistID, name, creation_date, description, subscribers_count) VALUES (9, 9, 'Podcast_9', SYSDATE-45, 'Podcast #9 by artist 9', 680);
INSERT INTO DASC5306_Fall25_S001_T2_Podcast (podcastID, artistID, name, creation_date, description, subscribers_count) VALUES (10, 10, 'Podcast_10', SYSDATE-50, 'Podcast #10 by artist 10', 700);
INSERT INTO DASC5306_Fall25_S001_T2_Podcast (podcastID, artistID, name, creation_date, description, subscribers_count) VALUES (11, 11, 'Podcast_11', SYSDATE-55, 'Podcast #11 by artist 11', 720);
INSERT INTO DASC5306_Fall25_S001_T2_Podcast (podcastID, artistID, name, creation_date, description, subscribers_count) VALUES (12, 12, 'Podcast_12', SYSDATE-60, 'Podcast #12 by artist 12', 740);
INSERT INTO DASC5306_Fall25_S001_T2_Podcast (podcastID, artistID, name, creation_date, description, subscribers_count) VALUES (13, 13, 'Podcast_13', SYSDATE-65, 'Podcast #13 by artist 13', 760);
INSERT INTO DASC5306_Fall25_S001_T2_Podcast (podcastID, artistID, name, creation_date, description, subscribers_count) VALUES (14, 14, 'Podcast_14', SYSDATE-70, 'Podcast #14 by artist 14', 780);
INSERT INTO DASC5306_Fall25_S001_T2_Podcast (podcastID, artistID, name, creation_date, description, subscribers_count) VALUES (15, 15, 'Podcast_15', SYSDATE-75, 'Podcast #15 by artist 15', 800);
INSERT INTO DASC5306_Fall25_S001_T2_Podcast (podcastID, artistID, name, creation_date, description, subscribers_count) VALUES (16, 16, 'Podcast_16', SYSDATE-80, 'Podcast #16 by artist 16', 820);
INSERT INTO DASC5306_Fall25_S001_T2_Podcast (podcastID, artistID, name, creation_date, description, subscribers_count) VALUES (17, 17, 'Podcast_17', SYSDATE-85, 'Podcast #17 by artist 17', 840);
INSERT INTO DASC5306_Fall25_S001_T2_Podcast (podcastID, artistID, name, creation_date, description, subscribers_count) VALUES (18, 18, 'Podcast_18', SYSDATE-90, 'Podcast #18 by artist 18', 860);
INSERT INTO DASC5306_Fall25_S001_T2_Podcast (podcastID, artistID, name, creation_date, description, subscribers_count) VALUES (19, 19, 'Podcast_19', SYSDATE-95, 'Podcast #19 by artist 19', 880);
INSERT INTO DASC5306_Fall25_S001_T2_Podcast (podcastID, artistID, name, creation_date, description, subscribers_count) VALUES (20, 20, 'Podcast_20', SYSDATE-100, 'Podcast #20 by artist 20', 900);
INSERT INTO DASC5306_Fall25_S001_T2_Podcast (podcastID, artistID, name, creation_date, description, subscribers_count) VALUES (21, 21, 'Podcast_21', SYSDATE-105, 'Podcast #21 by artist 21', 920);
INSERT INTO DASC5306_Fall25_S001_T2_Podcast (podcastID, artistID, name, creation_date, description, subscribers_count) VALUES (22, 22, 'Podcast_22', SYSDATE-110, 'Podcast #22 by artist 22', 940);
INSERT INTO DASC5306_Fall25_S001_T2_Podcast (podcastID, artistID, name, creation_date, description, subscribers_count) VALUES (23, 23, 'Podcast_23', SYSDATE-115, 'Podcast #23 by artist 23', 960);
INSERT INTO DASC5306_Fall25_S001_T2_Podcast (podcastID, artistID, name, creation_date, description, subscribers_count) VALUES (24, 24, 'Podcast_24', SYSDATE-120, 'Podcast #24 by artist 24', 980);
INSERT INTO DASC5306_Fall25_S001_T2_Podcast (podcastID, artistID, name, creation_date, description, subscribers_count) VALUES (25, 25, 'Podcast_25', SYSDATE-125, 'Podcast #25 by artist 25', 1000);

-- 8️ Podcast_Theme
INSERT INTO DASC5306_Fall25_S001_T2_Podcast_Theme (podcastID, theme) VALUES (1, 'Business');
INSERT INTO DASC5306_Fall25_S001_T2_Podcast_Theme (podcastID, theme) VALUES (2, 'Educational');
INSERT INTO DASC5306_Fall25_S001_T2_Podcast_Theme (podcastID, theme) VALUES (3, 'Health and Fitness');
INSERT INTO DASC5306_Fall25_S001_T2_Podcast_Theme (podcastID, theme) VALUES (4, 'Comedy');
INSERT INTO DASC5306_Fall25_S001_T2_Podcast_Theme (podcastID, theme) VALUES (5, 'Technology');
INSERT INTO DASC5306_Fall25_S001_T2_Podcast_Theme (podcastID, theme) VALUES (6, 'Business');
INSERT INTO DASC5306_Fall25_S001_T2_Podcast_Theme (podcastID, theme) VALUES (7, 'Educational');
INSERT INTO DASC5306_Fall25_S001_T2_Podcast_Theme (podcastID, theme) VALUES (8, 'Health and Fitness');
INSERT INTO DASC5306_Fall25_S001_T2_Podcast_Theme (podcastID, theme) VALUES (9, 'Comedy');
INSERT INTO DASC5306_Fall25_S001_T2_Podcast_Theme (podcastID, theme) VALUES (10, 'Technology');
INSERT INTO DASC5306_Fall25_S001_T2_Podcast_Theme (podcastID, theme) VALUES (11, 'Business');
INSERT INTO DASC5306_Fall25_S001_T2_Podcast_Theme (podcastID, theme) VALUES (12, 'Educational');
INSERT INTO DASC5306_Fall25_S001_T2_Podcast_Theme (podcastID, theme) VALUES (13, 'Health and Fitness');
INSERT INTO DASC5306_Fall25_S001_T2_Podcast_Theme (podcastID, theme) VALUES (14, 'Comedy');
INSERT INTO DASC5306_Fall25_S001_T2_Podcast_Theme (podcastID, theme) VALUES (15, 'Technology');
INSERT INTO DASC5306_Fall25_S001_T2_Podcast_Theme (podcastID, theme) VALUES (16, 'Business');
INSERT INTO DASC5306_Fall25_S001_T2_Podcast_Theme (podcastID, theme) VALUES (17, 'Educational');
INSERT INTO DASC5306_Fall25_S001_T2_Podcast_Theme (podcastID, theme) VALUES (18, 'Health and Fitness');
INSERT INTO DASC5306_Fall25_S001_T2_Podcast_Theme (podcastID, theme) VALUES (19, 'Comedy');
INSERT INTO DASC5306_Fall25_S001_T2_Podcast_Theme (podcastID, theme) VALUES (20, 'Technology');
INSERT INTO DASC5306_Fall25_S001_T2_Podcast_Theme (podcastID, theme) VALUES (21, 'Business');
INSERT INTO DASC5306_Fall25_S001_T2_Podcast_Theme (podcastID, theme) VALUES (22, 'Educational');
INSERT INTO DASC5306_Fall25_S001_T2_Podcast_Theme (podcastID, theme) VALUES (23, 'Health and Fitness');
INSERT INTO DASC5306_Fall25_S001_T2_Podcast_Theme (podcastID, theme) VALUES (24, 'Comedy');
INSERT INTO DASC5306_Fall25_S001_T2_Podcast_Theme (podcastID, theme) VALUES (25, 'Technology');

-- 9️ Episode
INSERT INTO DASC5306_Fall25_S001_T2_Episode (episodeID, episodeNo, podcastID, title, source_URL, format_FIELD, upload_datetime, duration, views_count, likes_count, dislikes_count) VALUES (1, 1, 1, 'Episode 1', 'http://uta.edu/podcast/1', 'Audio', SYSDATE-1, 31, 1050, 105, 11);
INSERT INTO DASC5306_Fall25_S001_T2_Episode (episodeID, episodeNo, podcastID, title, source_URL, format_FIELD, upload_datetime, duration, views_count, likes_count, dislikes_count) VALUES (2, 2, 2, 'Episode 2', 'http://uta.edu/podcast/2', 'Audio', SYSDATE-2, 32, 1100, 110, 12);
INSERT INTO DASC5306_Fall25_S001_T2_Episode (episodeID, episodeNo, podcastID, title, source_URL, format_FIELD, upload_datetime, duration, views_count, likes_count, dislikes_count) VALUES (3, 3, 3, 'Episode 3', 'http://uta.edu/podcast/3', 'Audio', SYSDATE-3, 33, 1150, 115, 13);
INSERT INTO DASC5306_Fall25_S001_T2_Episode (episodeID, episodeNo, podcastID, title, source_URL, format_FIELD, upload_datetime, duration, views_count, likes_count, dislikes_count) VALUES (4, 4, 4, 'Episode 4', 'http://uta.edu/podcast/4', 'Audio', SYSDATE-4, 34, 1200, 120, 14);
INSERT INTO DASC5306_Fall25_S001_T2_Episode (episodeID, episodeNo, podcastID, title, source_URL, format_FIELD, upload_datetime, duration, views_count, likes_count, dislikes_count) VALUES (5, 5, 5, 'Episode 5', 'http://uta.edu/podcast/5', 'Audio', SYSDATE-5, 35, 1250, 125, 15);
INSERT INTO DASC5306_Fall25_S001_T2_Episode (episodeID, episodeNo, podcastID, title, source_URL, format_FIELD, upload_datetime, duration, views_count, likes_count, dislikes_count) VALUES (6, 6, 6, 'Episode 6', 'http://uta.edu/podcast/6', 'Audio', SYSDATE-6, 36, 1300, 130, 16);
INSERT INTO DASC5306_Fall25_S001_T2_Episode (episodeID, episodeNo, podcastID, title, source_URL, format_FIELD, upload_datetime, duration, views_count, likes_count, dislikes_count) VALUES (7, 7, 7, 'Episode 7', 'http://uta.edu/podcast/7', 'Audio', SYSDATE-7, 37, 1350, 135, 17);
INSERT INTO DASC5306_Fall25_S001_T2_Episode (episodeID, episodeNo, podcastID, title, source_URL, format_FIELD, upload_datetime, duration, views_count, likes_count, dislikes_count) VALUES (8, 8, 8, 'Episode 8', 'http://uta.edu/podcast/8', 'Audio', SYSDATE-8, 38, 1400, 140, 18);
INSERT INTO DASC5306_Fall25_S001_T2_Episode (episodeID, episodeNo, podcastID, title, source_URL, format_FIELD, upload_datetime, duration, views_count, likes_count, dislikes_count) VALUES (9, 9, 9, 'Episode 9', 'http://uta.edu/podcast/9', 'Audio', SYSDATE-9, 39, 1450, 145, 19);
INSERT INTO DASC5306_Fall25_S001_T2_Episode (episodeID, episodeNo, podcastID, title, source_URL, format_FIELD, upload_datetime, duration, views_count, likes_count, dislikes_count) VALUES (10, 10, 10, 'Episode 10', 'http://uta.edu/podcast/10', 'Audio', SYSDATE-10, 40, 1500, 150, 20);
INSERT INTO DASC5306_Fall25_S001_T2_Episode (episodeID, episodeNo, podcastID, title, source_URL, format_FIELD, upload_datetime, duration, views_count, likes_count, dislikes_count) VALUES (11, 11, 11, 'Episode 11', 'http://uta.edu/podcast/11', 'Audio', SYSDATE-11, 41, 1550, 155, 21);
INSERT INTO DASC5306_Fall25_S001_T2_Episode (episodeID, episodeNo, podcastID, title, source_URL, format_FIELD, upload_datetime, duration, views_count, likes_count, dislikes_count) VALUES (12, 12, 12, 'Episode 12', 'http://uta.edu/podcast/12', 'Audio', SYSDATE-12, 42, 1600, 160, 22);
INSERT INTO DASC5306_Fall25_S001_T2_Episode (episodeID, episodeNo, podcastID, title, source_URL, format_FIELD, upload_datetime, duration, views_count, likes_count, dislikes_count) VALUES (13, 13, 13, 'Episode 13', 'http://uta.edu/podcast/13', 'Audio', SYSDATE-13, 43, 1650, 165, 23);
INSERT INTO DASC5306_Fall25_S001_T2_Episode (episodeID, episodeNo, podcastID, title, source_URL, format_FIELD, upload_datetime, duration, views_count, likes_count, dislikes_count) VALUES (14, 14, 14, 'Episode 14', 'http://uta.edu/podcast/14', 'Audio', SYSDATE-14, 44, 1700, 170, 24);
INSERT INTO DASC5306_Fall25_S001_T2_Episode (episodeID, episodeNo, podcastID, title, source_URL, format_FIELD, upload_datetime, duration, views_count, likes_count, dislikes_count) VALUES (15, 15, 15, 'Episode 15', 'http://uta.edu/podcast/15', 'Audio', SYSDATE-15, 45, 1750, 175, 25);
INSERT INTO DASC5306_Fall25_S001_T2_Episode (episodeID, episodeNo, podcastID, title, source_URL, format_FIELD, upload_datetime, duration, views_count, likes_count, dislikes_count) VALUES (16, 16, 16, 'Episode 16', 'http://uta.edu/podcast/16', 'Audio', SYSDATE-16, 46, 1800, 180, 26);
INSERT INTO DASC5306_Fall25_S001_T2_Episode (episodeID, episodeNo, podcastID, title, source_URL, format_FIELD, upload_datetime, duration, views_count, likes_count, dislikes_count) VALUES (17, 17, 17, 'Episode 17', 'http://uta.edu/podcast/17', 'Audio', SYSDATE-17, 47, 1850, 185, 27);
INSERT INTO DASC5306_Fall25_S001_T2_Episode (episodeID, episodeNo, podcastID, title, source_URL, format_FIELD, upload_datetime, duration, views_count, likes_count, dislikes_count) VALUES (18, 18, 18, 'Episode 18', 'http://uta.edu/podcast/18', 'Audio', SYSDATE-18, 48, 1900, 190, 28);
INSERT INTO DASC5306_Fall25_S001_T2_Episode (episodeID, episodeNo, podcastID, title, source_URL, format_FIELD, upload_datetime, duration, views_count, likes_count, dislikes_count) VALUES (19, 19, 19, 'Episode 19', 'http://uta.edu/podcast/19', 'Audio', SYSDATE-19, 49, 1950, 195, 29);
INSERT INTO DASC5306_Fall25_S001_T2_Episode (episodeID, episodeNo, podcastID, title, source_URL, format_FIELD, upload_datetime, duration, views_count, likes_count, dislikes_count) VALUES (20, 20, 20, 'Episode 20', 'http://uta.edu/podcast/20', 'Audio', SYSDATE-20, 50, 2000, 200, 30);
INSERT INTO DASC5306_Fall25_S001_T2_Episode (episodeID, episodeNo, podcastID, title, source_URL, format_FIELD, upload_datetime, duration, views_count, likes_count, dislikes_count) VALUES (21, 21, 21, 'Episode 21', 'http://uta.edu/podcast/21', 'Audio', SYSDATE-21, 51, 2050, 205, 31);
INSERT INTO DASC5306_Fall25_S001_T2_Episode (episodeID, episodeNo, podcastID, title, source_URL, format_FIELD, upload_datetime, duration, views_count, likes_count, dislikes_count) VALUES (22, 22, 22, 'Episode 22', 'http://uta.edu/podcast/22', 'Audio', SYSDATE-22, 52, 2100, 210, 32);
INSERT INTO DASC5306_Fall25_S001_T2_Episode (episodeID, episodeNo, podcastID, title, source_URL, format_FIELD, upload_datetime, duration, views_count, likes_count, dislikes_count) VALUES (23, 23, 23, 'Episode 23', 'http://uta.edu/podcast/23', 'Audio', SYSDATE-23, 53, 2150, 215, 33);
INSERT INTO DASC5306_Fall25_S001_T2_Episode (episodeID, episodeNo, podcastID, title, source_URL, format_FIELD, upload_datetime, duration, views_count, likes_count, dislikes_count) VALUES (24, 24, 24, 'Episode 24', 'http://uta.edu/podcast/24', 'Audio', SYSDATE-24, 54, 2200, 220, 34);
INSERT INTO DASC5306_Fall25_S001_T2_Episode (episodeID, episodeNo, podcastID, title, source_URL, format_FIELD, upload_datetime, duration, views_count, likes_count, dislikes_count) VALUES (25, 25, 25, 'Episode 25', 'http://uta.edu/podcast/25', 'Audio', SYSDATE-25, 55, 2250, 225, 35);

-- 10 Advertisement
INSERT INTO DASC5306_Fall25_S001_T2_Advertisement (adID, advertiserID, podcastID, product_type, hyperlink, rate_per_view, category, ad_duration) VALUES (1, 1, 1, 'Product_1', 'http://ads.com/1', 0.6, 'Lifestyle', 21);
INSERT INTO DASC5306_Fall25_S001_T2_Advertisement (adID, advertiserID, podcastID, product_type, hyperlink, rate_per_view, category, ad_duration) VALUES (2, 2, 2, 'Product_2', 'http://ads.com/2', 0.7, 'Tech', 22);
INSERT INTO DASC5306_Fall25_S001_T2_Advertisement (adID, advertiserID, podcastID, product_type, hyperlink, rate_per_view, category, ad_duration) VALUES (3, 3, 3, 'Product_3', 'http://ads.com/3', 0.8, 'Lifestyle', 23);
INSERT INTO DASC5306_Fall25_S001_T2_Advertisement (adID, advertiserID, podcastID, product_type, hyperlink, rate_per_view, category, ad_duration) VALUES (4, 4, 4, 'Product_4', 'http://ads.com/4', 0.9, 'Tech', 24);
INSERT INTO DASC5306_Fall25_S001_T2_Advertisement (adID, advertiserID, podcastID, product_type, hyperlink, rate_per_view, category, ad_duration) VALUES (5, 5, 5, 'Product_5', 'http://ads.com/5', 1.0, 'Lifestyle', 25);
INSERT INTO DASC5306_Fall25_S001_T2_Advertisement (adID, advertiserID, podcastID, product_type, hyperlink, rate_per_view, category, ad_duration) VALUES (6, 6, 6, 'Product_6', 'http://ads.com/6', 1.1, 'Tech', 26);
INSERT INTO DASC5306_Fall25_S001_T2_Advertisement (adID, advertiserID, podcastID, product_type, hyperlink, rate_per_view, category, ad_duration) VALUES (7, 7, 7, 'Product_7', 'http://ads.com/7', 1.2000000000000002, 'Lifestyle', 27);
INSERT INTO DASC5306_Fall25_S001_T2_Advertisement (adID, advertiserID, podcastID, product_type, hyperlink, rate_per_view, category, ad_duration) VALUES (8, 8, 8, 'Product_8', 'http://ads.com/8', 1.3, 'Tech', 28);
INSERT INTO DASC5306_Fall25_S001_T2_Advertisement (adID, advertiserID, podcastID, product_type, hyperlink, rate_per_view, category, ad_duration) VALUES (9, 9, 9, 'Product_9', 'http://ads.com/9', 1.4, 'Lifestyle', 29);
INSERT INTO DASC5306_Fall25_S001_T2_Advertisement (adID, advertiserID, podcastID, product_type, hyperlink, rate_per_view, category, ad_duration) VALUES (10, 10, 10, 'Product_10', 'http://ads.com/10', 1.5, 'Tech', 30);
INSERT INTO DASC5306_Fall25_S001_T2_Advertisement (adID, advertiserID, podcastID, product_type, hyperlink, rate_per_view, category, ad_duration) VALUES (11, 11, 11, 'Product_11', 'http://ads.com/11', 1.6, 'Lifestyle', 31);
INSERT INTO DASC5306_Fall25_S001_T2_Advertisement (adID, advertiserID, podcastID, product_type, hyperlink, rate_per_view, category, ad_duration) VALUES (12, 12, 12, 'Product_12', 'http://ads.com/12', 1.7000000000000002, 'Tech', 32);
INSERT INTO DASC5306_Fall25_S001_T2_Advertisement (adID, advertiserID, podcastID, product_type, hyperlink, rate_per_view, category, ad_duration) VALUES (13, 13, 13, 'Product_13', 'http://ads.com/13', 1.8, 'Lifestyle', 33);
INSERT INTO DASC5306_Fall25_S001_T2_Advertisement (adID, advertiserID, podcastID, product_type, hyperlink, rate_per_view, category, ad_duration) VALUES (14, 14, 14, 'Product_14', 'http://ads.com/14', 1.9000000000000001, 'Tech', 34);
INSERT INTO DASC5306_Fall25_S001_T2_Advertisement (adID, advertiserID, podcastID, product_type, hyperlink, rate_per_view, category, ad_duration) VALUES (15, 15, 15, 'Product_15', 'http://ads.com/15', 2.0, 'Lifestyle', 35);
INSERT INTO DASC5306_Fall25_S001_T2_Advertisement (adID, advertiserID, podcastID, product_type, hyperlink, rate_per_view, category, ad_duration) VALUES (16, 16, 16, 'Product_16', 'http://ads.com/16', 2.1, 'Tech', 36);
INSERT INTO DASC5306_Fall25_S001_T2_Advertisement (adID, advertiserID, podcastID, product_type, hyperlink, rate_per_view, category, ad_duration) VALUES (17, 17, 17, 'Product_17', 'http://ads.com/17', 2.2, 'Lifestyle', 37);
INSERT INTO DASC5306_Fall25_S001_T2_Advertisement (adID, advertiserID, podcastID, product_type, hyperlink, rate_per_view, category, ad_duration) VALUES (18, 18, 18, 'Product_18', 'http://ads.com/18', 2.3, 'Tech', 38);
INSERT INTO DASC5306_Fall25_S001_T2_Advertisement (adID, advertiserID, podcastID, product_type, hyperlink, rate_per_view, category, ad_duration) VALUES (19, 19, 19, 'Product_19', 'http://ads.com/19', 2.4000000000000004, 'Lifestyle', 39);
INSERT INTO DASC5306_Fall25_S001_T2_Advertisement (adID, advertiserID, podcastID, product_type, hyperlink, rate_per_view, category, ad_duration) VALUES (20, 20, 20, 'Product_20', 'http://ads.com/20', 2.5, 'Tech', 40);
INSERT INTO DASC5306_Fall25_S001_T2_Advertisement (adID, advertiserID, podcastID, product_type, hyperlink, rate_per_view, category, ad_duration) VALUES (21, 21, 21, 'Product_21', 'http://ads.com/21', 2.6, 'Lifestyle', 41);
INSERT INTO DASC5306_Fall25_S001_T2_Advertisement (adID, advertiserID, podcastID, product_type, hyperlink, rate_per_view, category, ad_duration) VALUES (22, 22, 22, 'Product_22', 'http://ads.com/22', 2.7, 'Tech', 42);
INSERT INTO DASC5306_Fall25_S001_T2_Advertisement (adID, advertiserID, podcastID, product_type, hyperlink, rate_per_view, category, ad_duration) VALUES (23, 23, 23, 'Product_23', 'http://ads.com/23', 2.8000000000000003, 'Lifestyle', 43);
INSERT INTO DASC5306_Fall25_S001_T2_Advertisement (adID, advertiserID, podcastID, product_type, hyperlink, rate_per_view, category, ad_duration) VALUES (24, 24, 24, 'Product_24', 'http://ads.com/24', 2.9000000000000004, 'Tech', 44);
INSERT INTO DASC5306_Fall25_S001_T2_Advertisement (adID, advertiserID, podcastID, product_type, hyperlink, rate_per_view, category, ad_duration) VALUES (25, 25, 25, 'Product_25', 'http://ads.com/25', 3.0, 'Lifestyle', 45);

-- 11️ Associated_with
INSERT INTO DASC5306_Fall25_S001_T2_Associated_with (adID, episodeID, timestamp_sec, display_cost) VALUES (1, 1, 16, 10.5);
INSERT INTO DASC5306_Fall25_S001_T2_Associated_with (adID, episodeID, timestamp_sec, display_cost) VALUES (2, 2, 17, 11.0);
INSERT INTO DASC5306_Fall25_S001_T2_Associated_with (adID, episodeID, timestamp_sec, display_cost) VALUES (3, 3, 18, 11.5);
INSERT INTO DASC5306_Fall25_S001_T2_Associated_with (adID, episodeID, timestamp_sec, display_cost) VALUES (4, 4, 19, 12.0);
INSERT INTO DASC5306_Fall25_S001_T2_Associated_with (adID, episodeID, timestamp_sec, display_cost) VALUES (5, 5, 20, 12.5);
INSERT INTO DASC5306_Fall25_S001_T2_Associated_with (adID, episodeID, timestamp_sec, display_cost) VALUES (6, 6, 21, 13.0);
INSERT INTO DASC5306_Fall25_S001_T2_Associated_with (adID, episodeID, timestamp_sec, display_cost) VALUES (7, 7, 22, 13.5);
INSERT INTO DASC5306_Fall25_S001_T2_Associated_with (adID, episodeID, timestamp_sec, display_cost) VALUES (8, 8, 23, 14.0);
INSERT INTO DASC5306_Fall25_S001_T2_Associated_with (adID, episodeID, timestamp_sec, display_cost) VALUES (9, 9, 24, 14.5);
INSERT INTO DASC5306_Fall25_S001_T2_Associated_with (adID, episodeID, timestamp_sec, display_cost) VALUES (10, 10, 25, 15.0);
INSERT INTO DASC5306_Fall25_S001_T2_Associated_with (adID, episodeID, timestamp_sec, display_cost) VALUES (11, 11, 26, 15.5);
INSERT INTO DASC5306_Fall25_S001_T2_Associated_with (adID, episodeID, timestamp_sec, display_cost) VALUES (12, 12, 27, 16.0);
INSERT INTO DASC5306_Fall25_S001_T2_Associated_with (adID, episodeID, timestamp_sec, display_cost) VALUES (13, 13, 28, 16.5);
INSERT INTO DASC5306_Fall25_S001_T2_Associated_with (adID, episodeID, timestamp_sec, display_cost) VALUES (14, 14, 29, 17.0);
INSERT INTO DASC5306_Fall25_S001_T2_Associated_with (adID, episodeID, timestamp_sec, display_cost) VALUES (15, 15, 30, 17.5);
INSERT INTO DASC5306_Fall25_S001_T2_Associated_with (adID, episodeID, timestamp_sec, display_cost) VALUES (16, 16, 31, 18.0);
INSERT INTO DASC5306_Fall25_S001_T2_Associated_with (adID, episodeID, timestamp_sec, display_cost) VALUES (17, 17, 32, 18.5);
INSERT INTO DASC5306_Fall25_S001_T2_Associated_with (adID, episodeID, timestamp_sec, display_cost) VALUES (18, 18, 33, 19.0);
INSERT INTO DASC5306_Fall25_S001_T2_Associated_with (adID, episodeID, timestamp_sec, display_cost) VALUES (19, 19, 34, 19.5);
INSERT INTO DASC5306_Fall25_S001_T2_Associated_with (adID, episodeID, timestamp_sec, display_cost) VALUES (20, 20, 35, 20.0);
INSERT INTO DASC5306_Fall25_S001_T2_Associated_with (adID, episodeID, timestamp_sec, display_cost) VALUES (21, 21, 36, 20.5);
INSERT INTO DASC5306_Fall25_S001_T2_Associated_with (adID, episodeID, timestamp_sec, display_cost) VALUES (22, 22, 37, 21.0);
INSERT INTO DASC5306_Fall25_S001_T2_Associated_with (adID, episodeID, timestamp_sec, display_cost) VALUES (23, 23, 38, 21.5);
INSERT INTO DASC5306_Fall25_S001_T2_Associated_with (adID, episodeID, timestamp_sec, display_cost) VALUES (24, 24, 39, 22.0);
INSERT INTO DASC5306_Fall25_S001_T2_Associated_with (adID, episodeID, timestamp_sec, display_cost) VALUES (25, 25, 40, 22.5);

-- 12️ Follow
INSERT INTO DASC5306_Fall25_S001_T2_Follow (patron_id, artistID, status, follow_date) VALUES ('PAT01', 1, 'Follow', SYSDATE-1);
INSERT INTO DASC5306_Fall25_S001_T2_Follow (patron_id, artistID, status, follow_date) VALUES ('PAT02', 2, 'Follow', SYSDATE-2);
INSERT INTO DASC5306_Fall25_S001_T2_Follow (patron_id, artistID, status, follow_date) VALUES ('PAT03', 3, 'Follow', SYSDATE-3);
INSERT INTO DASC5306_Fall25_S001_T2_Follow (patron_id, artistID, status, follow_date) VALUES ('PAT04', 4, 'Follow', SYSDATE-4);
INSERT INTO DASC5306_Fall25_S001_T2_Follow (patron_id, artistID, status, follow_date) VALUES ('PAT05', 5, 'Follow', SYSDATE-5);
INSERT INTO DASC5306_Fall25_S001_T2_Follow (patron_id, artistID, status, follow_date) VALUES ('PAT06', 6, 'Follow', SYSDATE-6);
INSERT INTO DASC5306_Fall25_S001_T2_Follow (patron_id, artistID, status, follow_date) VALUES ('PAT07', 7, 'Follow', SYSDATE-7);
INSERT INTO DASC5306_Fall25_S001_T2_Follow (patron_id, artistID, status, follow_date) VALUES ('PAT08', 8, 'Follow', SYSDATE-8);
INSERT INTO DASC5306_Fall25_S001_T2_Follow (patron_id, artistID, status, follow_date) VALUES ('PAT09', 9, 'Follow', SYSDATE-9);
INSERT INTO DASC5306_Fall25_S001_T2_Follow (patron_id, artistID, status, follow_date) VALUES ('PAT10', 10, 'Follow', SYSDATE-10);
INSERT INTO DASC5306_Fall25_S001_T2_Follow (patron_id, artistID, status, follow_date) VALUES ('PAT11', 11, 'Follow', SYSDATE-11);
INSERT INTO DASC5306_Fall25_S001_T2_Follow (patron_id, artistID, status, follow_date) VALUES ('PAT12', 12, 'Follow', SYSDATE-12);
INSERT INTO DASC5306_Fall25_S001_T2_Follow (patron_id, artistID, status, follow_date) VALUES ('PAT13', 13, 'Follow', SYSDATE-13);
INSERT INTO DASC5306_Fall25_S001_T2_Follow (patron_id, artistID, status, follow_date) VALUES ('PAT14', 14, 'Follow', SYSDATE-14);
INSERT INTO DASC5306_Fall25_S001_T2_Follow (patron_id, artistID, status, follow_date) VALUES ('PAT15', 15, 'Follow', SYSDATE-15);
INSERT INTO DASC5306_Fall25_S001_T2_Follow (patron_id, artistID, status, follow_date) VALUES ('PAT16', 16, 'Follow', SYSDATE-16);
INSERT INTO DASC5306_Fall25_S001_T2_Follow (patron_id, artistID, status, follow_date) VALUES ('PAT17', 17, 'Follow', SYSDATE-17);
INSERT INTO DASC5306_Fall25_S001_T2_Follow (patron_id, artistID, status, follow_date) VALUES ('PAT18', 18, 'Follow', SYSDATE-18);
INSERT INTO DASC5306_Fall25_S001_T2_Follow (patron_id, artistID, status, follow_date) VALUES ('PAT19', 19, 'Follow', SYSDATE-19);
INSERT INTO DASC5306_Fall25_S001_T2_Follow (patron_id, artistID, status, follow_date) VALUES ('PAT20', 20, 'Follow', SYSDATE-20);
INSERT INTO DASC5306_Fall25_S001_T2_Follow (patron_id, artistID, status, follow_date) VALUES ('PAT21', 21, 'Follow', SYSDATE-21);
INSERT INTO DASC5306_Fall25_S001_T2_Follow (patron_id, artistID, status, follow_date) VALUES ('PAT22', 22, 'Follow', SYSDATE-22);
INSERT INTO DASC5306_Fall25_S001_T2_Follow (patron_id, artistID, status, follow_date) VALUES ('PAT23', 23, 'Follow', SYSDATE-23);
INSERT INTO DASC5306_Fall25_S001_T2_Follow (patron_id, artistID, status, follow_date) VALUES ('PAT24', 24, 'Follow', SYSDATE-24);
INSERT INTO DASC5306_Fall25_S001_T2_Follow (patron_id, artistID, status, follow_date) VALUES ('PAT25', 25, 'Follow', SYSDATE-25);

-- 13️ Subscribe
INSERT INTO DASC5306_Fall25_S001_T2_Subscribe (patron_id, podcastID, subscribe_date) VALUES ('PAT01', 1, SYSDATE-1);
INSERT INTO DASC5306_Fall25_S001_T2_Subscribe (patron_id, podcastID, subscribe_date) VALUES ('PAT02', 2, SYSDATE-2);
INSERT INTO DASC5306_Fall25_S001_T2_Subscribe (patron_id, podcastID, subscribe_date) VALUES ('PAT03', 3, SYSDATE-3);
INSERT INTO DASC5306_Fall25_S001_T2_Subscribe (patron_id, podcastID, subscribe_date) VALUES ('PAT04', 4, SYSDATE-4);
INSERT INTO DASC5306_Fall25_S001_T2_Subscribe (patron_id, podcastID, subscribe_date) VALUES ('PAT05', 5, SYSDATE-5);
INSERT INTO DASC5306_Fall25_S001_T2_Subscribe (patron_id, podcastID, subscribe_date) VALUES ('PAT06', 6, SYSDATE-6);
INSERT INTO DASC5306_Fall25_S001_T2_Subscribe (patron_id, podcastID, subscribe_date) VALUES ('PAT07', 7, SYSDATE-7);
INSERT INTO DASC5306_Fall25_S001_T2_Subscribe (patron_id, podcastID, subscribe_date) VALUES ('PAT08', 8, SYSDATE-8);
INSERT INTO DASC5306_Fall25_S001_T2_Subscribe (patron_id, podcastID, subscribe_date) VALUES ('PAT09', 9, SYSDATE-9);
INSERT INTO DASC5306_Fall25_S001_T2_Subscribe (patron_id, podcastID, subscribe_date) VALUES ('PAT10', 10, SYSDATE-10);
INSERT INTO DASC5306_Fall25_S001_T2_Subscribe (patron_id, podcastID, subscribe_date) VALUES ('PAT11', 11, SYSDATE-11);
INSERT INTO DASC5306_Fall25_S001_T2_Subscribe (patron_id, podcastID, subscribe_date) VALUES ('PAT12', 12, SYSDATE-12);
INSERT INTO DASC5306_Fall25_S001_T2_Subscribe (patron_id, podcastID, subscribe_date) VALUES ('PAT13', 13, SYSDATE-13);
INSERT INTO DASC5306_Fall25_S001_T2_Subscribe (patron_id, podcastID, subscribe_date) VALUES ('PAT14', 14, SYSDATE-14);
INSERT INTO DASC5306_Fall25_S001_T2_Subscribe (patron_id, podcastID, subscribe_date) VALUES ('PAT15', 15, SYSDATE-15);
INSERT INTO DASC5306_Fall25_S001_T2_Subscribe (patron_id, podcastID, subscribe_date) VALUES ('PAT16', 16, SYSDATE-16);
INSERT INTO DASC5306_Fall25_S001_T2_Subscribe (patron_id, podcastID, subscribe_date) VALUES ('PAT17', 17, SYSDATE-17);
INSERT INTO DASC5306_Fall25_S001_T2_Subscribe (patron_id, podcastID, subscribe_date) VALUES ('PAT18', 18, SYSDATE-18);
INSERT INTO DASC5306_Fall25_S001_T2_Subscribe (patron_id, podcastID, subscribe_date) VALUES ('PAT19', 19, SYSDATE-19);
INSERT INTO DASC5306_Fall25_S001_T2_Subscribe (patron_id, podcastID, subscribe_date) VALUES ('PAT20', 20, SYSDATE-20);
INSERT INTO DASC5306_Fall25_S001_T2_Subscribe (patron_id, podcastID, subscribe_date) VALUES ('PAT21', 21, SYSDATE-21);
INSERT INTO DASC5306_Fall25_S001_T2_Subscribe (patron_id, podcastID, subscribe_date) VALUES ('PAT22', 22, SYSDATE-22);
INSERT INTO DASC5306_Fall25_S001_T2_Subscribe (patron_id, podcastID, subscribe_date) VALUES ('PAT23', 23, SYSDATE-23);
INSERT INTO DASC5306_Fall25_S001_T2_Subscribe (patron_id, podcastID, subscribe_date) VALUES ('PAT24', 24, SYSDATE-24);
INSERT INTO DASC5306_Fall25_S001_T2_Subscribe (patron_id, podcastID, subscribe_date) VALUES ('PAT25', 25, SYSDATE-25);

-- 14️ Listening
INSERT INTO DASC5306_Fall25_S001_T2_Listening (patron_id, episodeID, listen_date, location, listen_duration, listen_count) VALUES ('PAT01', 1, SYSDATE, 'California', 21, 2);
INSERT INTO DASC5306_Fall25_S001_T2_Listening (patron_id, episodeID, listen_date, location, listen_duration, listen_count) VALUES ('PAT02', 2, SYSDATE, 'Florida', 22, 3);
INSERT INTO DASC5306_Fall25_S001_T2_Listening (patron_id, episodeID, listen_date, location, listen_duration, listen_count) VALUES ('PAT03', 3, SYSDATE, 'New York', 23, 1);
INSERT INTO DASC5306_Fall25_S001_T2_Listening (patron_id, episodeID, listen_date, location, listen_duration, listen_count) VALUES ('PAT04', 4, SYSDATE, 'Illinois', 24, 2);
INSERT INTO DASC5306_Fall25_S001_T2_Listening (patron_id, episodeID, listen_date, location, listen_duration, listen_count) VALUES ('PAT05', 5, SYSDATE, 'Texas', 25, 3);
INSERT INTO DASC5306_Fall25_S001_T2_Listening (patron_id, episodeID, listen_date, location, listen_duration, listen_count) VALUES ('PAT06', 6, SYSDATE, 'California', 26, 1);
INSERT INTO DASC5306_Fall25_S001_T2_Listening (patron_id, episodeID, listen_date, location, listen_duration, listen_count) VALUES ('PAT07', 7, SYSDATE, 'Florida', 27, 2);
INSERT INTO DASC5306_Fall25_S001_T2_Listening (patron_id, episodeID, listen_date, location, listen_duration, listen_count) VALUES ('PAT08', 8, SYSDATE, 'New York', 28, 3);
INSERT INTO DASC5306_Fall25_S001_T2_Listening (patron_id, episodeID, listen_date, location, listen_duration, listen_count) VALUES ('PAT09', 9, SYSDATE, 'Illinois', 29, 1);
INSERT INTO DASC5306_Fall25_S001_T2_Listening (patron_id, episodeID, listen_date, location, listen_duration, listen_count) VALUES ('PAT10', 10, SYSDATE, 'Texas', 30, 2);
INSERT INTO DASC5306_Fall25_S001_T2_Listening (patron_id, episodeID, listen_date, location, listen_duration, listen_count) VALUES ('PAT11', 11, SYSDATE, 'California', 31, 3);
INSERT INTO DASC5306_Fall25_S001_T2_Listening (patron_id, episodeID, listen_date, location, listen_duration, listen_count) VALUES ('PAT12', 12, SYSDATE, 'Florida', 32, 1);
INSERT INTO DASC5306_Fall25_S001_T2_Listening (patron_id, episodeID, listen_date, location, listen_duration, listen_count) VALUES ('PAT13', 13, SYSDATE, 'New York', 33, 2);
INSERT INTO DASC5306_Fall25_S001_T2_Listening (patron_id, episodeID, listen_date, location, listen_duration, listen_count) VALUES ('PAT14', 14, SYSDATE, 'Illinois', 34, 3);
INSERT INTO DASC5306_Fall25_S001_T2_Listening (patron_id, episodeID, listen_date, location, listen_duration, listen_count) VALUES ('PAT15', 15, SYSDATE, 'Texas', 35, 1);
INSERT INTO DASC5306_Fall25_S001_T2_Listening (patron_id, episodeID, listen_date, location, listen_duration, listen_count) VALUES ('PAT16', 16, SYSDATE, 'California', 36, 2);
INSERT INTO DASC5306_Fall25_S001_T2_Listening (patron_id, episodeID, listen_date, location, listen_duration, listen_count) VALUES ('PAT17', 17, SYSDATE, 'Florida', 37, 3);
INSERT INTO DASC5306_Fall25_S001_T2_Listening (patron_id, episodeID, listen_date, location, listen_duration, listen_count) VALUES ('PAT18', 18, SYSDATE, 'New York', 38, 1);
INSERT INTO DASC5306_Fall25_S001_T2_Listening (patron_id, episodeID, listen_date, location, listen_duration, listen_count) VALUES ('PAT19', 19, SYSDATE, 'Illinois', 39, 2);
INSERT INTO DASC5306_Fall25_S001_T2_Listening (patron_id, episodeID, listen_date, location, listen_duration, listen_count) VALUES ('PAT20', 20, SYSDATE, 'Texas', 40, 3);
INSERT INTO DASC5306_Fall25_S001_T2_Listening (patron_id, episodeID, listen_date, location, listen_duration, listen_count) VALUES ('PAT21', 21, SYSDATE, 'California', 41, 1);
INSERT INTO DASC5306_Fall25_S001_T2_Listening (patron_id, episodeID, listen_date, location, listen_duration, listen_count) VALUES ('PAT22', 22, SYSDATE, 'Florida', 42, 2);
INSERT INTO DASC5306_Fall25_S001_T2_Listening (patron_id, episodeID, listen_date, location, listen_duration, listen_count) VALUES ('PAT23', 23, SYSDATE, 'New York', 43, 3);
INSERT INTO DASC5306_Fall25_S001_T2_Listening (patron_id, episodeID, listen_date, location, listen_duration, listen_count) VALUES ('PAT24', 24, SYSDATE, 'Illinois', 44, 1);
INSERT INTO DASC5306_Fall25_S001_T2_Listening (patron_id, episodeID, listen_date, location, listen_duration, listen_count) VALUES ('PAT25', 25, SYSDATE, 'Texas', 45, 2);

-- 15️ Creates
INSERT INTO DASC5306_Fall25_S001_T2_Creates (artistID, podcastID, netID) VALUES (1, 1, 'NET01');
INSERT INTO DASC5306_Fall25_S001_T2_Creates (artistID, podcastID, netID) VALUES (2, 2, 'NET02');
INSERT INTO DASC5306_Fall25_S001_T2_Creates (artistID, podcastID, netID) VALUES (3, 3, 'NET03');
INSERT INTO DASC5306_Fall25_S001_T2_Creates (artistID, podcastID, netID) VALUES (4, 4, 'NET04');
INSERT INTO DASC5306_Fall25_S001_T2_Creates (artistID, podcastID, netID) VALUES (5, 5, 'NET05');
INSERT INTO DASC5306_Fall25_S001_T2_Creates (artistID, podcastID, netID) VALUES (6, 6, 'NET06');
INSERT INTO DASC5306_Fall25_S001_T2_Creates (artistID, podcastID, netID) VALUES (7, 7, 'NET07');
INSERT INTO DASC5306_Fall25_S001_T2_Creates (artistID, podcastID, netID) VALUES (8, 8, 'NET08');
INSERT INTO DASC5306_Fall25_S001_T2_Creates (artistID, podcastID, netID) VALUES (9, 9, 'NET09');
INSERT INTO DASC5306_Fall25_S001_T2_Creates (artistID, podcastID, netID) VALUES (10, 10, 'NET10');
INSERT INTO DASC5306_Fall25_S001_T2_Creates (artistID, podcastID, netID) VALUES (11, 11, 'NET11');
INSERT INTO DASC5306_Fall25_S001_T2_Creates (artistID, podcastID, netID) VALUES (12, 12, 'NET12');
INSERT INTO DASC5306_Fall25_S001_T2_Creates (artistID, podcastID, netID) VALUES (13, 13, 'NET13');
INSERT INTO DASC5306_Fall25_S001_T2_Creates (artistID, podcastID, netID) VALUES (14, 14, 'NET14');
INSERT INTO DASC5306_Fall25_S001_T2_Creates (artistID, podcastID, netID) VALUES (15, 15, 'NET15');
INSERT INTO DASC5306_Fall25_S001_T2_Creates (artistID, podcastID, netID) VALUES (16, 16, 'NET16');
INSERT INTO DASC5306_Fall25_S001_T2_Creates (artistID, podcastID, netID) VALUES (17, 17, 'NET17');
INSERT INTO DASC5306_Fall25_S001_T2_Creates (artistID, podcastID, netID) VALUES (18, 18, 'NET18');
INSERT INTO DASC5306_Fall25_S001_T2_Creates (artistID, podcastID, netID) VALUES (19, 19, 'NET19');
INSERT INTO DASC5306_Fall25_S001_T2_Creates (artistID, podcastID, netID) VALUES (20, 20, 'NET20');
INSERT INTO DASC5306_Fall25_S001_T2_Creates (artistID, podcastID, netID) VALUES (21, 21, 'NET21');
INSERT INTO DASC5306_Fall25_S001_T2_Creates (artistID, podcastID, netID) VALUES (22, 22, 'NET22');
INSERT INTO DASC5306_Fall25_S001_T2_Creates (artistID, podcastID, netID) VALUES (23, 23, 'NET23');
INSERT INTO DASC5306_Fall25_S001_T2_Creates (artistID, podcastID, netID) VALUES (24, 24, 'NET24');
INSERT INTO DASC5306_Fall25_S001_T2_Creates (artistID, podcastID, netID) VALUES (25, 25, 'NET25');

COMMIT;
